target,dice,iou
Optic Disc,0.9676725327968597,0.9377983736991883
Optic Cup,0.8793832337856293,0.7930599135160447
