target,dice,iou
Optic Disc,0.9724361538887024,0.9465836369991303
Optic Cup,0.9049186432361602,0.8306084144115448
